<?xml version='1.0' encoding='UTF-8'?>
<?artifactRepository version='1.1.0'?>
<repository name='Bundle pool' type='org.eclipse.equinox.p2.artifact.repository.simpleRepository' version='1'>
  <properties size='2'>
    <property name='p2.system' value='true'/>
    <property name='p2.timestamp' value='1390619506257'/>
  </properties>
  <mappings size='3'>
    <rule filter='(&amp; (classifier=osgi.bundle))' output='${repoUrl}/plugins/${id}_${version}.jar'/>
    <rule filter='(&amp; (classifier=binary))' output='${repoUrl}/binary/${id}_${version}'/>
    <rule filter='(&amp; (classifier=org.eclipse.update.feature))' output='${repoUrl}/features/${id}_${version}.jar'/>
  </mappings>
  <artifacts size='28'>
    <artifact classifier='osgi.bundle' id='org.eclipse.core.commands' version='3.6.0.I20100512-1500'>
      <properties size='1'>
        <property name='download.size' value='107209'/>
      </properties>
    </artifact>
    <artifact classifier='osgi.bundle' id='org.eclipse.equinox.common' version='3.6.0.v20100503'>
      <properties size='1'>
        <property name='download.size' value='101958'/>
      </properties>
    </artifact>
    <artifact classifier='osgi.bundle' id='org.eclipse.osgi.services' version='3.2.100.v20100503'>
      <properties size='1'>
        <property name='download.size' value='67437'/>
      </properties>
    </artifact>
    <artifact classifier='osgi.bundle' id='org.eclipse.swt.win32.win32.x86' version='3.6.2.v3659c'>
      <properties size='1'>
        <property name='download.size' value='2433904'/>
      </properties>
    </artifact>
    <artifact classifier='osgi.bundle' id='org.eclipse.core.databinding.property' version='1.3.0.I20100601-0800'>
      <properties size='1'>
        <property name='download.size' value='167679'/>
      </properties>
    </artifact>
    <artifact classifier='osgi.bundle' id='MapEditor' version='1.0.0.201401251111'>
      <properties size='1'>
        <property name='download.size' value='3552614'/>
      </properties>
    </artifact>
    <artifact classifier='osgi.bundle' id='org.eclipse.core.databinding' version='1.3.100.I20100601-0800'>
      <properties size='1'>
        <property name='download.size' value='199755'/>
      </properties>
    </artifact>
    <artifact classifier='osgi.bundle' id='com.ibm.icu' version='4.2.1.v20100412'>
      <properties size='1'>
        <property name='download.size' value='6451214'/>
      </properties>
    </artifact>
    <artifact classifier='osgi.bundle' id='org.eclipse.equinox.preferences' version='3.3.0.v20100503'>
      <properties size='1'>
        <property name='download.size' value='111095'/>
      </properties>
    </artifact>
    <artifact classifier='osgi.bundle' id='org.eclipse.equinox.registry' version='3.5.0.v20100503'>
      <properties size='1'>
        <property name='download.size' value='182593'/>
      </properties>
    </artifact>
    <artifact classifier='osgi.bundle' id='org.eclipse.core.databinding.observable' version='1.3.0.I20100601-0800'>
      <properties size='1'>
        <property name='download.size' value='270401'/>
      </properties>
    </artifact>
    <artifact classifier='osgi.bundle' id='org.eclipse.core.runtime.compatibility.registry' version='3.3.0.v20100520'>
      <properties size='1'>
        <property name='download.size' value='16886'/>
      </properties>
      <repositoryProperties size='1'>
        <property name='artifact.folder' value='true'/>
      </repositoryProperties>
    </artifact>
    <artifact classifier='osgi.bundle' id='org.eclipse.core.expressions' version='3.4.200.v20100505'>
      <properties size='1'>
        <property name='download.size' value='86984'/>
      </properties>
    </artifact>
    <artifact classifier='osgi.bundle' id='org.eclipse.jface.databinding' version='1.4.0.I20100601-0800'>
      <properties size='1'>
        <property name='download.size' value='268068'/>
      </properties>
    </artifact>
    <artifact classifier='osgi.bundle' id='org.eclipse.core.jobs' version='3.5.1.R36x_v20100824'>
      <properties size='1'>
        <property name='download.size' value='90875'/>
      </properties>
    </artifact>
    <artifact classifier='osgi.bundle' id='org.eclipse.core.runtime.compatibility.auth' version='3.2.200.v20100517'>
      <properties size='1'>
        <property name='download.size' value='22809'/>
      </properties>
    </artifact>
    <artifact classifier='osgi.bundle' id='org.eclipse.ui' version='3.6.2.M20110203-1100'>
      <properties size='1'>
        <property name='download.size' value='152810'/>
      </properties>
    </artifact>
    <artifact classifier='osgi.bundle' id='javax.servlet' version='2.5.0.v200910301333'>
      <properties size='1'>
        <property name='download.size' value='118873'/>
      </properties>
    </artifact>
    <artifact classifier='osgi.bundle' id='org.eclipse.swt' version='3.6.2.v3659c'>
      <properties size='1'>
        <property name='download.size' value='17322'/>
      </properties>
    </artifact>
    <artifact classifier='osgi.bundle' id='org.eclipse.core.runtime' version='3.6.0.v20100505'>
      <properties size='1'>
        <property name='download.size' value='70928'/>
      </properties>
    </artifact>
    <artifact classifier='osgi.bundle' id='org.eclipse.equinox.launcher.win32.win32.x86' version='1.1.2.R36x_v20101222'>
      <properties size='1'>
        <property name='download.size' value='25732'/>
      </properties>
      <repositoryProperties size='1'>
        <property name='artifact.folder' value='true'/>
      </repositoryProperties>
    </artifact>
    <artifact classifier='osgi.bundle' id='org.eclipse.equinox.app' version='1.3.1.R36x_v20100803'>
      <properties size='1'>
        <property name='download.size' value='83838'/>
      </properties>
    </artifact>
    <artifact classifier='osgi.bundle' id='org.eclipse.jface' version='3.6.2.M20110210-1200'>
      <properties size='1'>
        <property name='download.size' value='1069483'/>
      </properties>
    </artifact>
    <artifact classifier='osgi.bundle' id='org.eclipse.osgi' version='3.6.2.R36x_v20110210'>
      <properties size='1'>
        <property name='download.size' value='1148372'/>
      </properties>
    </artifact>
    <artifact classifier='osgi.bundle' id='org.eclipse.help' version='3.5.0.v20100524'>
      <properties size='1'>
        <property name='download.size' value='257399'/>
      </properties>
    </artifact>
    <artifact classifier='osgi.bundle' id='org.eclipse.core.contenttype' version='3.4.100.v20100505-1235'>
      <properties size='1'>
        <property name='download.size' value='91927'/>
      </properties>
    </artifact>
    <artifact classifier='osgi.bundle' id='org.eclipse.ui.workbench' version='3.6.2.M20110210-1200'>
      <properties size='1'>
        <property name='download.size' value='4133406'/>
      </properties>
    </artifact>
    <artifact classifier='osgi.bundle' id='org.eclipse.equinox.launcher' version='1.1.1.R36x_v20101122_1400'>
      <properties size='1'>
        <property name='download.size' value='47201'/>
      </properties>
    </artifact>
  </artifacts>
</repository>
